id,target
c0f722661,-0.43396297
f0953f0a5,0.0034120884
0df072751,-0.34731948
04caf4e0c,-2.3994198
0e63f8bea,-1.875391
12537fe78,-1.1203719
965e592c0,0.25988156
